{
	"partitions" : [
		{
			"name" : "Top",
			"pins" : [
				{
					"name" : "Alu[0]",
					"strict" : false
				},
				{
					"name" : "Alu[1]",
					"strict" : false
				},
				{
					"name" : "Alu[2]",
					"strict" : false
				},
				{
					"name" : "Alu[3]",
					"strict" : false
				},
				{
					"name" : "Alu[4]",
					"strict" : false
				},
				{
					"name" : "Alu[5]",
					"strict" : false
				},
				{
					"name" : "Alu[6]",
					"strict" : false
				},
				{
					"name" : "B[0]",
					"strict" : false
				},
				{
					"name" : "A[0]",
					"strict" : false
				},
				{
					"name" : "Sel[0]",
					"strict" : false
				},
				{
					"name" : "B[3]",
					"strict" : false
				},
				{
					"name" : "A[3]",
					"strict" : false
				},
				{
					"name" : "B[2]",
					"strict" : false
				},
				{
					"name" : "A[2]",
					"strict" : false
				},
				{
					"name" : "B[1]",
					"strict" : false
				},
				{
					"name" : "A[1]",
					"strict" : false
				},
				{
					"name" : "Sel[1]",
					"strict" : false
				},
				{
					"name" : "Sel[2]",
					"strict" : false
				}
			]
		}
	]
}